INSERT INTO Categoria (NOMBRE) VALUES ('Ahorro');
INSERT INTO Categoria (NOMBRE) VALUES ('Inversión');
INSERT INTO Categoria (NOMBRE) VALUES ('Financiación');
INSERT INTO Categoria (NOMBRE) VALUES ('Otros');

INSERT INTO PRODUCTO (PRODUCTO_ID, CODIGO, FECHA_REGISTRO, DESCRIPCION, CATEGORIA_ID)
VALUES (1L, '0001', '2021-01-31', 'Cuentas', 1L);

INSERT INTO PRODUCTO (PRODUCTO_ID, CODIGO, FECHA_REGISTRO, DESCRIPCION, CATEGORIA_ID)
VALUES (2L, '0002', '2021-01-31', 'Tarjeta debito', 3L);

INSERT INTO PRODUCTO (PRODUCTO_ID, CODIGO, FECHA_REGISTRO, DESCRIPCION, CATEGORIA_ID)
VALUES (3L, '0003', '2021-01-31', 'Tarjeta crédito', 3L);

INSERT INTO PRODUCTO (PRODUCTO_ID, CODIGO, FECHA_REGISTRO, DESCRIPCION, CATEGORIA_ID)
VALUES (4L, '0004', '2021-01-31', 'Seguro', 4L);

INSERT INTO PRODUCTO (PRODUCTO_ID, CODIGO, FECHA_REGISTRO, DESCRIPCION, CATEGORIA_ID)
VALUES (5L, '0005', '2021-01-31', 'Inversiones', 2L);

INSERT INTO PRODUCTO (PRODUCTO_ID, CODIGO, FECHA_REGISTRO, DESCRIPCION, CATEGORIA_ID)
VALUES (6L, '0006', '2021-01-31', 'Giros', 4L);

INSERT INTO CONDICION_TIPO (NOMBRE) VALUES ('Edad Minima');
INSERT INTO CONDICION_TIPO (NOMBRE) VALUES ('Ingreso Minimo');
INSERT INTO CONDICION_TIPO (NOMBRE) VALUES ('Residencia');

INSERT INTO Condicion (CONDICION_ID, CONDICION_TIPO_ID, PRODUCTO_ID, VALOR) VALUES (1L, 1, 1L, 18);   --CUENTAS MAYOR 18
INSERT INTO Condicion (CONDICION_ID, CONDICION_TIPO_ID, PRODUCTO_ID, VALOR) VALUES (2L, 3, 1L, 1);    --CUENTAS RECIDENCIA PANAMA 
INSERT INTO Condicion (CONDICION_ID, CONDICION_TIPO_ID, PRODUCTO_ID, VALOR) VALUES (3L, 1, 2L, 18);   --TD MAYOR 18
INSERT INTO Condicion (CONDICION_ID, CONDICION_TIPO_ID, PRODUCTO_ID, VALOR) VALUES (4L, 2, 2L, 500);  --TD INGRESO > 500
INSERT INTO Condicion (CONDICION_ID, CONDICION_TIPO_ID, PRODUCTO_ID, VALOR) VALUES (5L, 3, 2L, 1);    --TD RECIDENCIA PANAMA
INSERT INTO Condicion (CONDICION_ID, CONDICION_TIPO_ID, PRODUCTO_ID, VALOR) VALUES (6L, 1, 3L, 20);   --TC MAYOR 20
INSERT INTO Condicion (CONDICION_ID, CONDICION_TIPO_ID, PRODUCTO_ID, VALOR) VALUES (7L, 2, 3L, 1500); --TC INGRESO > 1500
INSERT INTO Condicion (CONDICION_ID, CONDICION_TIPO_ID, PRODUCTO_ID, VALOR) VALUES (8L, 3, 3L, 1);    --TC RECIDENCIA PANAMA
INSERT INTO Condicion (CONDICION_ID, CONDICION_TIPO_ID, PRODUCTO_ID, VALOR) VALUES (6L, 1, 4L, 15);   --SEGURO MAYOR 15
INSERT INTO Condicion (CONDICION_ID, CONDICION_TIPO_ID, PRODUCTO_ID, VALOR) VALUES (7L, 2, 4L, 1000); --SEGURO INGRESO > 1000
INSERT INTO Condicion (CONDICION_ID, CONDICION_TIPO_ID, PRODUCTO_ID, VALOR) VALUES (8L, 1, 5L, 25);   --INVERSION MAYOR 25
INSERT INTO Condicion (CONDICION_ID, CONDICION_TIPO_ID, PRODUCTO_ID, VALOR) VALUES (9L, 2, 5L, 4500); --INVERSION INGRESO > 4500
INSERT INTO Condicion (CONDICION_ID, CONDICION_TIPO_ID, PRODUCTO_ID, VALOR) VALUES (10L, 3, 6L, 1);   --GIROS RECIDENCIA PANAMA

INSERT INTO SERVICIO (CLIENTE_ID, PRODUCTO_ID, FECHA_REGISTRO) VALUES (1L, 3L, '2022-02-10');
INSERT INTO SERVICIO (CLIENTE_ID, PRODUCTO_ID, FECHA_REGISTRO) VALUES (1L, 4L, '2022-02-10');
INSERT INTO SERVICIO (CLIENTE_ID, PRODUCTO_ID, FECHA_REGISTRO) VALUES (3L, 4L, '2022-02-10');
INSERT INTO SERVICIO (CLIENTE_ID, PRODUCTO_ID, FECHA_REGISTRO) VALUES (3L, 5L, '2022-02-10');